users,Toy Story (1995),Jumanji (1995),Grumpier Old Men (1995),Waiting to Exhale (1995),Father of the Bride Part II (1995),Heat (1995),Sabrina (1995),Tom and Huck (1995),Sudden Death (1995),GoldenEye (1995),"American President, The (1995)",Dracula: Dead and Loving It (1995),Balto (1995),Nixon (1995),Cutthroat Island (1995),Casino (1995),Sense and Sensibility (1995),Four Rooms (1995),Ace Ventura: When Nature Calls (1995),Money Train (1995)
User1,2,5,.,1,5,2,.,2,2,3,.,3,5,.,1,4,.,5,4,5
User2,1,3,5,.,1,.,1,3,.,2,2,1,.,2,4,3,2,.,.,.
User3,.,3,.,.,5,4,.,4,3,.,5,1,4,5,.,1,5,3,.,5
User4,5,.,5,.,4,.,1,.,4,4,.,2,3,2,.,4,5,2,.,3
User5,2,1,4,.,5,2,.,5,2,2,.,1,5,1,2,.,5,1,1,5
User6,4,.,5,4,.,4,3,3,.,.,1,3,.,.,4,3,.,2,5,.
User7,.,1,.,3,5,5,4,.,3,2,4,.,4,5,2,.,4,3,.,1
